[
  {
    "id": "57180f3f-2227-4d08-882c-fbd6c4720009",
    "data": [
      {
        "text": "howdy",
        "userDefined": false
      }
    ],
    "isTemplate": false,
    "count": 0,
    "updated": 1529140288
  },
  {
    "id": "d43cf343-5092-4e1f-9b7a-9dddea015143",
    "data": [
      {
        "text": "how are you",
        "userDefined": false
      }
    ],
    "isTemplate": false,
    "count": 0,
    "updated": 1529140288
  },
  {
    "id": "1c27867c-992d-4133-8d6c-1a3225d41f41",
    "data": [
      {
        "text": "hey",
        "userDefined": false
      }
    ],
    "isTemplate": false,
    "count": 0,
    "updated": 1529140288
  },
  {
    "id": "1c110176-540f-4957-b464-7fa3b8023e05",
    "data": [
      {
        "text": "hello",
        "userDefined": false
      }
    ],
    "isTemplate": false,
    "count": 0,
    "updated": 1529140288
  },
  {
    "id": "cff24bc0-6ad3-4cb6-a90a-1af3dce2a029",
    "data": [
      {
        "text": "hi",
        "userDefined": false
      }
    ],
    "isTemplate": false,
    "count": 0,
    "updated": 1529140288
  }
]